csv_post_title,csv_post_type,id,tmplt-id,Name1,Name2,pid_1,pid_2,r1,r2,relationship,s_date,end_date
Anna Alexander Cameron -Child- Emma St. Clair Moore -Parent,prsp-record,AAC_CHLD_ESCM_PRNT,Cameron_QR,Anna Alexander Cameron ,Emma St. Clair Moore ,Anna_Alexander_Cameron_,Emma_St_Clair_Moore_,Child,Parent,Familial,,
Anna Alexander Cameron -Child- William Ewan Cameron -Parent,prsp-record,AAC_CHLD_WEC_PRNT,Cameron_QR,Anna Alexander Cameron ,William Ewan Cameron ,Anna_Alexander_Cameron_,William_Ewan_Cameron_,Child,Parent,Familial,,
Alexandra A Kirkland -Child- Phyllis Adams -Parent,prsp-record,AAK_CHLD_PA_PRNT,Cameron_QR,Alexandra A Kirkland ,Phyllis Adams ,Alexandra_A_Kirkland_,Phyllis_Adams_,Child,Parent,Familial,,
Alexandra A Kirkland -Child- William Alexander Kirkland -Parent,prsp-record,AAK_CHLD_WAK_PRNT,Cameron_QR,Alexandra A Kirkland ,William Alexander Kirkland ,Alexandra_A_Kirkland_,William_Alexander_Kirkland_,Child,Parent,Familial,,
Alexandra A Kirkland -Marries- Michael C Marsh ,prsp-record,AAK_MARRIES_MCM,Cameron_QR,Alexandra A Kirkland ,Michael C Marsh ,Alexandra_A_Kirkland_,Michael_C_Marsh_,Wife,Husband,Marriage,2/16/1975,1976
Anne Cameron -Child- Anne McNabb  Kirkland  -Parent,prsp-record,AC_CHLD_AMNK_PRNT,Cameron_QR,Anne Cameron ,Anne McNabb  Kirkland  ,Anne_Cameron_,Anne_McNabb_Kirkland_,Child,Parent,Familial,,
Ann Call -Child- Daniel Call -Parent,prsp-record,AC_CHLD_DC_PRNT,Cameron_QR,Ann Call ,Daniel Call ,Ann_Call_,Daniel_Call_,Child,Parent,Familial,,
Anna Call -Child- Daniel Call -Parent,prsp-record,AC_CHLD_DC_PRNT2,Cameron_QR,Anna Call ,Daniel Call ,Anna_Call_,Daniel_Call_,Child,Parent,Familial,,
Ann Call -Child- Elizabeth Jaqueline Taliaferro -Parent,prsp-record,AC_CHLD_EJT_PRNT,Cameron_QR,Ann Call ,Elizabeth Jaqueline Taliaferro ,Ann_Call_,Elizabeth_Jaqueline_Taliaferro,Child,Parent,Familial,,
Anna Call -Child- Elizabeth Jaqueline Taliaferro -Parent,prsp-record,AC_CHLD_EJT_PRNT2,Cameron_QR,Anna Call ,Elizabeth Jaqueline Taliaferro ,Anna_Call_,Elizabeth_Jaqueline_Taliaferro,Child,Parent,Familial,,
Adam Call -Child- Elizabeth Taylor -Parent,prsp-record,AC_CHLD_ET_PRNT,Cameron_QR,Adam Call ,Elizabeth Taylor ,Adam_Call_,Elizabeth_Taylor_,Child,Parent,Familial,,
Anne Cameron -Child- Thomas Ruffin -Parent,prsp-record,AC_CHLD_TR_PRNT,Cameron_QR,Anne Cameron ,Thomas Ruffin ,Anne_Cameron_,Thomas_Ruffin_,Child,Parent,Familial,,
Adam Call -Child- William Call -Parent,prsp-record,AC_CHLD_WC_PRNT,Cameron_QR,Adam Call ,William Call ,Adam_Call_,William_Call_,Child,Parent,Familial,,
Ann Call -Marries- William Ewan Cameron ,prsp-record,AC_MARRIES_WEC,Cameron_QR,Ann Call ,William Ewan Cameron ,Ann_Call_,William_Ewan_Cameron_,Wife,Husband,Marriage,,
Ann Call Jones -Child- Ann 'Nanny' Call -Parent,prsp-record,ACJ_CHLD_ANC_PRNT,Cameron_QR,Ann Call Jones ,Ann 'Nanny' Call ,Ann_Call_Jones_,Ann_Nanny_Call_,Child,Parent,Familial,,
Ann Call Jones -Child- Joseph Jones -Parent,prsp-record,ACJ_CHLD_JJ_PRNT,Cameron_QR,Ann Call Jones ,Joseph Jones ,Ann_Call_Jones_,Joseph_Jones_,Child,Parent,Familial,,
Alan Jones Cameron -Child- Emma St. Clair Moore -Parent,prsp-record,AJC_CHLD_ESCM_PRNT,Cameron_QR,Alan Jones Cameron ,Emma St. Clair Moore ,Alan_Jones_Cameron_,Emma_St_Clair_Moore_,Child,Parent,Familial,,
Alan Jones Cameron -Child- William Ewan Cameron -Parent,prsp-record,AJC_CHLD_WEC_PRNT,Cameron_QR,Alan Jones Cameron ,William Ewan Cameron ,Alan_Jones_Cameron_,William_Ewan_Cameron_,Child,Parent,Familial,,
Alexandra Kirkland -Child- Phyllis Adams -Parent,prsp-record,AK_CHLD_PA_PRNT,Cameron_QR,Alexandra Kirkland ,Phyllis Adams ,Alexandra_Kirkland_,Phyllis_Adams_,Child,Parent,Familial,,
Alexandra Kirkland -Child- William Alexander Kirkland -Parent,prsp-record,AK_CHLD_WAK_PRNT,Cameron_QR,Alexandra Kirkland ,William Alexander Kirkland ,Alexandra_Kirkland_,William_Alexander_Kirkland_,Child,Parent,Familial,,
Alexandra Kirkland -Marries- Michael Marsh ,prsp-record,AK_MARRIES_MM,Cameron_QR,Alexandra Kirkland ,Michael Marsh ,Alexandra_Kirkland_,Michael_Marsh_,Wife,Husband,Marriage,,
Anna MacKenzie Cameron -Child- Ann Call -Parent,prsp-record,AMKC_CHLD_AC_PRNT,Cameron_QR,Anna MacKenzie Cameron ,Ann Call ,Anna_MacKenzie_Cameron_,Ann_Call_,Child,Parent,Familial,,
Anna MacKenzie Cameron -Child- William Ewan Cameron -Parent,prsp-record,AMKC_CHLD_WEC_PRNT,Cameron_QR,Anna MacKenzie Cameron ,William Ewan Cameron ,Anna_MacKenzie_Cameron_,William_Ewan_Cameron_,Child,Parent,Familial,,
Anna MacKenzie Cameron -Marries- Alexander McKenzie Kirkland ,prsp-record,AMKC_MARRIES_AMKK,Cameron_QR,Anna MacKenzie Cameron ,Alexander McKenzie Kirkland ,Anna_MacKenzie_Cameron_,Alexander_McKenzie_Kirkland_,Wife,Husband,Marriage,,
Alexander McKenzie Kirkland -Child- Margaret Blain Scott -Parent,prsp-record,AMKK_CHLD_MBS_PRNT,Cameron_QR,Alexander McKenzie Kirkland ,Margaret Blain Scott ,Alexander_McKenzie_Kirkland_,Margaret_Blain_Scott_,Child,Parent,Familial,,
Alexander McKenzie Kirkland -Child- William Kirkland -Parent,prsp-record,AMKK_CHLD_WK_PRNT,Cameron_QR,Alexander McKenzie Kirkland ,William Kirkland ,Alexander_McKenzie_Kirkland_,William_Kirkland_,Child,Parent,Familial,,
Anne McNabb  Kirkland  -Child- Margaret Blain Scott -Parent,prsp-record,AMNK_CHLD_MBS_PRNT,Cameron_QR,Anne McNabb  Kirkland  ,Margaret Blain Scott ,Anne_McNabb_Kirkland_,Margaret_Blain_Scott_,Child,Parent,Familial,,
Anne McNabb  Kirkland  -Child- William Kirkland -Parent,prsp-record,AMNK_CHLD_WK_PRNT,Cameron_QR,Anne McNabb  Kirkland  ,William Kirkland ,Anne_McNabb_Kirkland_,William_Kirkland_,Child,Parent,Familial,,
Anne McNabb  Kirkland  -Marries- Thomas Ruffin ,prsp-record,AMNK_MARRIES_TR,Cameron_QR,Anne McNabb  Kirkland  ,Thomas Ruffin ,Anne_McNabb_Kirkland_,Thomas_Ruffin_,Wife,Husband,Marriage,,
Ann 'Nanny' Call -Child- Elizabeth Taylor -Parent,prsp-record,ANC_CHLD_ET_PRNT,Cameron_QR,Ann 'Nanny' Call ,Elizabeth Taylor ,Ann_Nanny_Call_,Elizabeth_Taylor_,Child,Parent,Familial,,
Ann 'Nanny' Call -Child- William Call -Parent,prsp-record,ANC_CHLD_WC_PRNT,Cameron_QR,Ann 'Nanny' Call ,William Call ,Ann_Nanny_Call_,William_Call_,Child,Parent,Familial,,
Ann 'Nanny' Call -Marries- Joseph Jones ,prsp-record,ANC_MARRIES_JJ,Cameron_QR,Ann 'Nanny' Call ,Joseph Jones ,Ann_Nanny_Call_,Joseph_Jones_,Wife,Husband,Marriage,,
Ann Owen Cameron -Child- Duncan Cameron -Parent,prsp-record,AOC_CHLD_DC_PRNT,Cameron_QR,Ann Owen Cameron ,Duncan Cameron ,Ann_Owen_Cameron_,Duncan_Cameron_,Child,Parent,Familial,,
Ann Owen Cameron -Child- Rebecca Bennehan -Parent,prsp-record,AOC_CHLD_RB_PRNT,Cameron_QR,Ann Owen Cameron ,Rebecca Bennehan ,Ann_Owen_Cameron_,Rebecca_Bennehan_,Child,Parent,Familial,,
Ann Owen Cameron -Marries- John Cameron ,prsp-record,AOC_MARRIES_JC,Cameron_QR,Ann Owen Cameron ,John Cameron ,Ann_Owen_Cameron_,John_Cameron_,Wife,Husband,Marriage,1773-09-01,1815
Alice Ruffin -Child- Anne McNabb  Kirkland  -Parent,prsp-record,AR_CHLD_AMNK_PRNT,Cameron_QR,Alice Ruffin ,Anne McNabb  Kirkland  ,Alice_Ruffin_,Anne_McNabb_Kirkland_,Child,Parent,Familial,,
Alice Ruffin -Child- Thomas Ruffin -Parent,prsp-record,AR_CHLD_TR_PRNT,Cameron_QR,Alice Ruffin ,Thomas Ruffin ,Alice_Ruffin_,Thomas_Ruffin_,Child,Parent,Familial,,
Anne Taliaferro -Child- Rebecca Cocke -Parent,prsp-record,AT_CHLD_RC_PRNT,Cameron_QR,Anne Taliaferro ,Rebecca Cocke ,Anne_Taliaferro_,Rebecca_Cocke_,Child,Parent,Familial,,
Anne Taliaferro -Child- Richard Taliaferro II -Parent,prsp-record,AT_CHLD_RTII_PRNT,Cameron_QR,Anne Taliaferro ,Richard Taliaferro II ,Anne_Taliaferro_,Richard_Taliaferro_II_,Child,Parent,Familial,,
Beverly A Randolph -Marries- Michael C Marsh ,prsp-record,BAR_MARRIES_MCM,Cameron_QR,Beverly A Randolph ,Michael C Marsh ,Beverly_A_Randolph_,Michael_C_Marsh_,Wife,Husband,Marriage,10/8/1966,1/1/1975
Benjamin Taliaferro -Child- Rebecca Cocke -Parent,prsp-record,BT_CHLD_RC_PRNT,Cameron_QR,Benjamin Taliaferro ,Rebecca Cocke ,Benjamin_Taliaferro_,Rebecca_Cocke_,Child,Parent,Familial,,
Benjamin Taliaferro -Child- Richard Taliaferro II -Parent,prsp-record,BT_CHLD_RTII_PRNT,Cameron_QR,Benjamin Taliaferro ,Richard Taliaferro II ,Benjamin_Taliaferro_,Richard_Taliaferro_II_,Child,Parent,Familial,,
Catherine Cameron -Child- Duncan Cameron -Parent,prsp-record,CC_CHLD_DC_PRNT,Cameron_QR,Catherine Cameron ,Duncan Cameron ,Catherine_Cameron_,Duncan_Cameron_,Child,Parent,Familial,,
Catherine Cameron -Child- Isabella Aberdeen Hendry*Cameron -Parent,prsp-record,CC_CHLD_IAHC_PRNT,Cameron_QR,Catherine Cameron ,Isabella Aberdeen Hendry*Cameron ,Catherine_Cameron_,Isabella_Aberdeen_Hendry_Camer,Child,Parent,Familial,,
Charlotte Kirk Meginn -Marries- Robert Gowland Kirkland ,prsp-record,CKM_MARRIES_RGK,Cameron_QR,Charlotte Kirk Meginn ,Robert Gowland Kirkland ,Charlotte_Kirk_Meginn_,Robert_Gowland_Kirkland_,Wife,Husband,Marriage,4/23/1900,1915
Charlotte McGinn Kirkland -Marries- Robert Gowland Kirkland ,prsp-record,CMGK_MARRIES_RGK,Cameron_QR,Charlotte McGinn Kirkland ,Robert Gowland Kirkland ,Charlotte_McGinn_Kirkland_,Robert_Gowland_Kirkland_,Wife,Husband,Marriage,4/23/1900,1915
Clement Nash Cameron -Child- Ann Owen Cameron -Parent,prsp-record,CNC_CHLD_AOC_PRNT,Cameron_QR,Clement Nash Cameron ,Ann Owen Cameron ,Clement_Nash_Cameron_,Ann_Owen_Cameron_,Child,Parent,Familial,,
Clement Nash Cameron -Child- John Cameron -Parent,prsp-record,CNC_CHLD_JC_PRNT,Cameron_QR,Clement Nash Cameron ,John Cameron ,Clement_Nash_Cameron_,John_Cameron_,Child,Parent,Familial,,
Catharine Roulhac -Child- Anne McNabb  Kirkland  -Parent,prsp-record,CR_CHLD_AMNK_PRNT,Cameron_QR,Catharine Roulhac ,Anne McNabb  Kirkland  ,Catharine_Roulhac_,Anne_McNabb_Kirkland_,Child,Parent,Familial,,
Catharine Roulhac -Child- Thomas Ruffin -Parent,prsp-record,CR_CHLD_TR_PRNT,Cameron_QR,Catharine Roulhac ,Thomas Ruffin ,Catharine_Roulhac_,Thomas_Ruffin_,Child,Parent,Familial,,
Consolacion Victoria  Gowland -Marries- William Alexander Kirkland ,prsp-record,CVG_MARRIES_WAK,Cameron_QR,Consolacion Victoria  Gowland ,William Alexander Kirkland ,Consolacion_Victoria_Gowland_,William_Alexander_Kirkland_,Wife,Husband,Marriage,1860,1898
DANIEL Call -Parent- William Call -Child,prsp-record,DANIELC_PRNTWCCHLD,Cameron_QR,DANIEL Call ,William Call ,DANIEL_Call_,William_Call_,Parent,Child,Familial,,
Duncan Cameron -Child- Ann Owen Cameron -Parent,prsp-record,DC_CHLD_AOC_PRNT,Cameron_QR,Duncan Cameron ,Ann Owen Cameron ,Duncan_Cameron_,Ann_Owen_Cameron_,Child,Parent,Familial,,
Duncan Cameron -Child- Duncan Cameron -Parent,prsp-record,DC_CHLD_DC_PRNT,Cameron_QR,Duncan Cameron ,Duncan Cameron ,Duncan_Cameron_,Duncan_Cameron_,Child,Parent,Familial,,
Daniel Call -Child- Elizabeth Taylor -Parent,prsp-record,DC_CHLD_ET_PRNT,Cameron_QR,Daniel Call ,Elizabeth Taylor ,Daniel_Call_,Elizabeth_Taylor_,Child,Parent,Familial,,
Dorothy Call -Child- Elizabeth Taylor -Parent,prsp-record,DC_CHLD_ET_PRNT2,Cameron_QR,Dorothy Call ,Elizabeth Taylor ,Dorothy_Call_,Elizabeth_Taylor_,Child,Parent,Familial,,
Duncan Cameron -Child- Isabella Aberdeen Hendry*Cameron -Parent,prsp-record,DC_CHLD_IAHC_PRNT,Cameron_QR,Duncan Cameron ,Isabella Aberdeen Hendry*Cameron ,Duncan_Cameron_,Isabella_Aberdeen_Hendry_Camer,Child,Parent,Familial,,
Duncan Cameron -Child- John Cameron -Parent,prsp-record,DC_CHLD_JC_PRNT,Cameron_QR,Duncan Cameron ,John Cameron ,Duncan_Cameron_,John_Cameron_,Child,Parent,Familial,,
Daniel Call -Child- William Call -Parent,prsp-record,DC_CHLD_WC_PRNT,Cameron_QR,Daniel Call ,William Call ,Daniel_Call_,William_Call_,Child,Parent,Familial,,
Dorothy Call -Child- William Call -Parent,prsp-record,DC_CHLD_WC_PRNT2,Cameron_QR,Dorothy Call ,William Call ,Dorothy_Call_,William_Call_,Child,Parent,Familial,,
Donald Moore Cameron -Child- Emma St. Clair Moore -Parent,prsp-record,DMC_CHLD_ESCM_PRNT,Cameron_QR,Donald Moore Cameron ,Emma St. Clair Moore ,Donald_Moore_Cameron_,Emma_St_Clair_Moore_,Child,Parent,Familial,,
Donald Moore Cameron -Child- William Ewan Cameron -Parent,prsp-record,DMC_CHLD_WEC_PRNT,Cameron_QR,Donald Moore Cameron ,William Ewan Cameron ,Donald_Moore_Cameron_,William_Ewan_Cameron_,Child,Parent,Familial,,
Elizabeth Call -Child- Elizabeth Taylor -Parent,prsp-record,EC_CHLD_ET_PRNT,Cameron_QR,Elizabeth Call ,Elizabeth Taylor ,Elizabeth_Call_,Elizabeth_Taylor_,Child,Parent,Familial,,
Elizabeth Call -Child- William Call -Parent,prsp-record,EC_CHLD_WC_PRNT,Cameron_QR,Elizabeth Call ,William Call ,Elizabeth_Call_,William_Call_,Child,Parent,Familial,,
"Ely Cameron Witherspoon -Child- Elizabeth ""Eliza"" Adams  Cameron -Parent",prsp-record,ECW_CHLD_EEAC_PRNT,Cameron_QR,Ely Cameron Witherspoon ,"Elizabeth ""Eliza"" Adams  Cameron ",Ely_Cameron_Witherspoon_,Elizabeth_Eliza_Adams_Cameron_,Child,Parent,Familial,,
Ely Cameron Witherspoon -Child- Henry Kollock Witherspoon -Parent,prsp-record,ECW_CHLD_HKW_PRNT,Cameron_QR,Ely Cameron Witherspoon ,Henry Kollock Witherspoon ,Ely_Cameron_Witherspoon_,Henry_Kollock_Witherspoon_,Child,Parent,Familial,,
Elizabeth Eggleston -Marries- Richard Taliaferro ,prsp-record,EE_MARRIES_RT,Cameron_QR,Elizabeth Eggleston ,Richard Taliaferro ,Elizabeth_Eggleston_,Richard_Taliaferro_,Wife,Husband,Marriage,1730,1779
"Elizabeth ""Eliza"" Adams  Cameron -Child- Ann Call -Parent",prsp-record,EEAC_CHLD_AC_PRNT,Cameron_QR,"Elizabeth ""Eliza"" Adams  Cameron ",Ann Call ,Elizabeth_Eliza_Adams_Cameron_,Ann_Call_,Child,Parent,Familial,,
"Elizabeth ""Eliza"" Adams  Cameron -Child- William Ewan Cameron -Parent",prsp-record,EEAC_CHLD_WEC_PRNT,Cameron_QR,"Elizabeth ""Eliza"" Adams  Cameron ",William Ewan Cameron ,Elizabeth_Eliza_Adams_Cameron_,William_Ewan_Cameron_,Child,Parent,Familial,,
Elizabeth Eggleston Taliaferro -Child- Elizabeth Eggleston -Parent,prsp-record,EET_CHLD_EE_PRNT,Cameron_QR,Elizabeth Eggleston Taliaferro ,Elizabeth Eggleston ,Elizabeth_Eggleston_Taliaferro,Elizabeth_Eggleston_,Child,Parent,Familial,,
Elizabeth Eggleston Taliaferro -Child- Richard Taliaferro -Parent,prsp-record,EET_CHLD_RT_PRNT,Cameron_QR,Elizabeth Eggleston Taliaferro ,Richard Taliaferro ,Elizabeth_Eggleston_Taliaferro,Richard_Taliaferro_,Child,Parent,Familial,,
Elizabeth Hobbs Keckley -Marries- Alexander McKenzie Kirkland ,prsp-record,EHK_MARRIES_AMKK,Cameron_QR,Elizabeth Hobbs Keckley ,Alexander McKenzie Kirkland ,Elizabeth_Hobbs_Keckley_,Alexander_McKenzie_Kirkland_,Wife,Husband,Marriage,1836,1843
Elizabeth Jaqueline Taliaferro -Child- Rebecca Cocke -Parent,prsp-record,EJT_CHLD_RC_PRNT,Cameron_QR,Elizabeth Jaqueline Taliaferro ,Rebecca Cocke ,Elizabeth_Jaqueline_Taliaferro_,Rebecca_Cocke_,Child,Parent,Familial,,
Elizabeth Jaqueline Taliaferro -Child- Richard Taliaferro II -Parent,prsp-record,EJT_CHLD_RTII_PRNT,Cameron_QR,Elizabeth Jaqueline Taliaferro ,Richard Taliaferro II ,Elizabeth_Jaqueline_Taliaferro_,Richard_Taliaferro_II_,Child,Parent,Familial,,
Elizabeth Jaqueline Taliaferro -Marries- Daniel Call ,prsp-record,EJT_MARRIES_DC,Cameron_QR,Elizabeth Jaqueline Taliaferro ,Daniel Call ,Elizabeth_Jaqueline_Taliaferro,Daniel_Call_,Wife,Husband,Marriage,1798,1840
Emma Moore Cameron -Child- Emma St. Clair Moore -Parent,prsp-record,EMC_CHLD_ESCM_PRNT,Cameron_QR,Emma Moore Cameron ,Emma St. Clair Moore ,Emma_Moore_Cameron_,Emma_St_Clair_Moore_,Child,Parent,Familial,,
Emma Moore Cameron -Child- William Ewan Cameron -Parent,prsp-record,EMC_CHLD_WEC_PRNT,Cameron_QR,Emma Moore Cameron ,William Ewan Cameron ,Emma_Moore_Cameron_,William_Ewan_Cameron_,Child,Parent,Familial,,
Elizabeth Machen Kirkland -Child- Margaret Blain Scott -Parent,prsp-record,EMK_CHLD_MBS_PRNT,Cameron_QR,Elizabeth Machen Kirkland ,Margaret Blain Scott ,Elizabeth_Machen_Kirkland_,Margaret_Blain_Scott_,Child,Parent,Familial,,
Elizabeth Machen Kirkland -Child- William Kirkland -Parent,prsp-record,EMK_CHLD_WK_PRNT,Cameron_QR,Elizabeth Machen Kirkland ,William Kirkland ,Elizabeth_Machen_Kirkland_,William_Kirkland_,Child,Parent,Familial,,
Elizabeth Machen Kirkland -Marries- George McNeill ,prsp-record,EMK_MARRIES_GMN,Cameron_QR,Elizabeth Machen Kirkland ,George McNeill ,Elizabeth_Machen_Kirkland_,George_McNeill_,Wife,Husband,Marriage,,
Elizabeth Nelson -Child- Judge William Nelson -Parent,prsp-record,EN_CHLD_JWN_PRNT,Cameron_QR,Elizabeth Nelson ,Judge William Nelson ,Elizabeth_Nelson_,Judge_William_Nelson_,Child,Parent,Familial,,
Elizabeth Nelson -Child- Mary Hartwell Taliaferro -Parent,prsp-record,EN_CHLD_MHT_PRNT,Cameron_QR,Elizabeth Nelson ,Mary Hartwell Taliaferro ,Elizabeth_Nelson_,Mary_Hartwell_Taliaferro_,Child,Parent,Familial,,
Eve N. Call -Child- Elizabeth Taylor -Parent,prsp-record,ENC_CHLD_ET_PRNT,Cameron_QR,Eve N. Call ,Elizabeth Taylor ,Eve_N_Call_,Elizabeth_Taylor_,Child,Parent,Familial,,
Eve N. Call -Child- William Call -Parent,prsp-record,ENC_CHLD_WC_PRNT,Cameron_QR,Eve N. Call ,William Call ,Eve_N_Call_,William_Call_,Child,Parent,Familial,,
Eve N. Call -Marries- William Garner ,prsp-record,ENC_MARRIES_WG,Cameron_QR,Eve N. Call ,William Garner ,Eve_N_Call_,William_Garner_,Wife,Husband,Marriage,,
Emma St. Clair Moore -Marries- William Ewan Cameron ,prsp-record,ESCM_MARRIES_WEC,Cameron_QR,Emma St. Clair Moore ,William Ewan Cameron ,Emma_St_Clair_Moore_,William_Ewan_Cameron_,Wife,Husband,Marriage,,
Elizabeth Taylor -Marries- William Call ,prsp-record,ET_MARRIES_WC,Cameron_QR,Elizabeth Taylor ,William Call ,Elizabeth_Taylor_,William_Call_,Wife,Husband,Marriage,1762,1763
Estelle Watlington -Marries- Stanley Marsh ,prsp-record,EW_MARRIES_SM,Cameron_QR,Estelle Watlington ,Stanley Marsh ,Estelle_Watlington_,Stanley_Marsh_,Wife,Husband,Marriage,,
Elizabeth Walker -Marries- Walker Anderson Cameron ,prsp-record,EW_MARRIES_WAC,Cameron_QR,Elizabeth Walker ,Walker Anderson Cameron ,Elizabeth_Walker_,Walker_Anderson_Cameron_,Wife,Husband,Marriage,,
Frances (Fanny) Stephens Hawks -Marries- John Adams Cameron ,prsp-record,FFSH_MARRIES_JAC,Cameron_QR,Frances (Fanny) Stephens Hawks ,John Adams Cameron ,Frances_Fanny_Stephens_Hawks_,John_Adams_Cameron_,Wife,Husband,Marriage,,
Francis Taliaferro -Child- Rebecca Cocke -Parent,prsp-record,FT_CHLD_RC_PRNT,Cameron_QR,Francis Taliaferro ,Rebecca Cocke ,Francis_Taliaferro_,Rebecca_Cocke_,Child,Parent,Familial,,
Francis Taliaferro -Child- Richard Taliaferro II -Parent,prsp-record,FT_CHLD_RTII_PRNT,Cameron_QR,Francis Taliaferro ,Richard Taliaferro II ,Francis_Taliaferro_,Richard_Taliaferro_II_,Child,Parent,Familial,,
"George Burgwyn Witherspoon -Child- Elizabeth ""Eliza"" Adams  Cameron -Parent",prsp-record,GBW_CHLD_EEAC_PRNT,Cameron_QR,George Burgwyn Witherspoon ,"Elizabeth ""Eliza"" Adams  Cameron ",George_Burgwyn_Witherspoon_,Elizabeth_Eliza_Adams_Cameron_,Child,Parent,Familial,,
George Burgwyn Witherspoon -Child- Henry Kollock Witherspoon -Parent,prsp-record,GBW_CHLD_HKW_PRNT,Cameron_QR,George Burgwyn Witherspoon ,Henry Kollock Witherspoon ,George_Burgwyn_Witherspoon_,Henry_Kollock_Witherspoon_,Child,Parent,Familial,,
George Call -Child- Elizabeth Taylor -Parent,prsp-record,GC_CHLD_ET_PRNT,Cameron_QR,George Call ,Elizabeth Taylor ,George_Call_,Elizabeth_Taylor_,Child,Parent,Familial,,
George Call -Child- William Call -Parent,prsp-record,GC_CHLD_WC_PRNT,Cameron_QR,George Call ,William Call ,George_Call_,William_Call_,Child,Parent,Familial,,
George Kirkland -Child- Alexander McKenzie Kirkland -Parent,prsp-record,GK_CHLD_AMKK_PRNT,Cameron_QR,George Kirkland ,Alexander McKenzie Kirkland ,George_Kirkland_,Alexander_McKenzie_Kirkland_,Child,Parent,Familial,,
George Kirkland -Child- Elizabeth Hobbs Keckley -Parent,prsp-record,GK_CHLD_EHK_PRNT,Cameron_QR,George Kirkland ,Elizabeth Hobbs Keckley ,George_Kirkland_,Elizabeth_Hobbs_Keckley_,Child,Parent,Familial,,
George Wythe Taliaferro -Child- Rebecca Cocke -Parent,prsp-record,GWT_CHLD_RC_PRNT,Cameron_QR,George Wythe Taliaferro ,Rebecca Cocke ,George_Wythe_Taliaferro_,Rebecca_Cocke_,Child,Parent,Familial,,
George Wythe Taliaferro -Child- Richard Taliaferro II -Parent,prsp-record,GWT_CHLD_RTII_PRNT,Cameron_QR,George Wythe Taliaferro ,Richard Taliaferro II ,George_Wythe_Taliaferro_,Richard_Taliaferro_II_,Child,Parent,Familial,,
Henry Call -Child- Elizabeth Taylor -Parent,prsp-record,HC_CHLD_ET_PRNT,Cameron_QR,Henry Call ,Elizabeth Taylor ,Henry_Call_,Elizabeth_Taylor_,Child,Parent,Familial,,
Henry Call -Child- William Call -Parent,prsp-record,HC_CHLD_WC_PRNT,Cameron_QR,Henry Call ,William Call ,Henry_Call_,William_Call_,Child,Parent,Familial,,
"Henry Kollock Witherspoon -Marries- Elizabeth ""Eliza"" Adams  Cameron ",prsp-record,HKW_MARRIES_EEAC,Cameron_QR,Henry Kollock Witherspoon ,"Elizabeth ""Eliza"" Adams  Cameron ",Henry_Kollock_Witherspoon_,Elizabeth_Eliza_Adams_Cameron_,Husband,Wife,Marriage,1845,1870
Isabella Aberdeen Hendry*Cameron -Marries- Duncan Cameron ,prsp-record,IAHC_MARRIES_DC,Cameron_QR,Isabella Aberdeen Hendry*Cameron ,Duncan Cameron ,Isabella_Aberdeen_Hendry_Camer,Duncan_Cameron_,Wife,Husband,Marriage,1795,1853
John Adams Cameron -Child- Ann Call -Parent,prsp-record,JAC_CHLD_AC_PRNT,Cameron_QR,John Adams Cameron ,Ann Call ,John_Adams_Cameron_,Ann_Call_,Child,Parent,Familial,,
John Adams Cameron -Child- William Ewan Cameron -Parent,prsp-record,JAC_CHLD_WEC_PRNT,Cameron_QR,John Adams Cameron ,William Ewan Cameron ,John_Adams_Cameron_,William_Ewan_Cameron_,Child,Parent,Familial,,
Jacob Call -Child- Elizabeth Taylor -Parent,prsp-record,JC_CHLD_ET_PRNT,Cameron_QR,Jacob Call ,Elizabeth Taylor ,Jacob_Call_,Elizabeth_Taylor_,Child,Parent,Familial,,
John Call -Child- Elizabeth Taylor -Parent,prsp-record,JC_CHLD_ET_PRNT2,Cameron_QR,John Call ,Elizabeth Taylor ,John_Call_,Elizabeth_Taylor_,Child,Parent,Familial,,
John Call -Child- Elizabeth Taylor -Parent,prsp-record,JC_CHLD_ET_PRNT3,Cameron_QR,John Call ,Elizabeth Taylor ,John_Call_,Elizabeth_Taylor_,Child,Parent,Familial,,
Jacob Call -Child- William Call -Parent,prsp-record,JC_CHLD_WC_PRNT,Cameron_QR,Jacob Call ,William Call ,Jacob_Call_,William_Call_,Child,Parent,Familial,,
John Call -Child- William Call -Parent,prsp-record,JC_CHLD_WC_PRNT2,Cameron_QR,John Call ,William Call ,John_Call_,William_Call_,Child,Parent,Familial,,
John Call -Child- William Call -Parent,prsp-record,JC_CHLD_WC_PRNT3,Cameron_QR,John Call ,William Call ,John_Call_,William_Call_,Child,Parent,Familial,,
Judge John Adams Cameron -Child- Ann Owen Cameron -Parent,prsp-record,JJAC_CHLD_AOC_PRNT,Cameron_QR,Judge John Adams Cameron ,Ann Owen Cameron ,Judge_John_Adams_Cameron_,Ann_Owen_Cameron_,Child,Parent,Familial,,
Judge John Adams Cameron -Child- John Cameron -Parent,prsp-record,JJAC_CHLD_JC_PRNT,Cameron_QR,Judge John Adams Cameron ,John Cameron ,Judge_John_Adams_Cameron_,John_Cameron_,Child,Parent,Familial,,
John Kirkland Ruffin -Child- Anne McNabb  Kirkland  -Parent,prsp-record,JKR_CHLD_AMNK_PRNT,Cameron_QR,John Kirkland Ruffin ,Anne McNabb  Kirkland  ,John_Kirkland_Ruffin_,Anne_McNabb_Kirkland_,Child,Parent,Familial,,
John Kirkland Ruffin -Child- Thomas Ruffin -Parent,prsp-record,JKR_CHLD_TR_PRNT,Cameron_QR,John Kirkland Ruffin ,Thomas Ruffin ,John_Kirkland_Ruffin_,Thomas_Ruffin_,Child,Parent,Familial,,
Jean Matherson Cameron -Child- Ann Owen Cameron -Parent,prsp-record,JMC_CHLD_AOC_PRNT,Cameron_QR,Jean Matherson Cameron ,Ann Owen Cameron ,Jean_Matherson_Cameron_,Ann_Owen_Cameron_,Child,Parent,Familial,,
Jean Mathewson Cameron -Child- Ann Owen Cameron -Parent,prsp-record,JMC_CHLD_AOC_PRNT2,Cameron_QR,Jean Mathewson Cameron ,Ann Owen Cameron ,Jean_Mathewson_Cameron_,Ann_Owen_Cameron_,Child,Parent,Familial,,
John Malcolm Cameron -Child- Frances (Fanny) Stephens Hawks -Parent,prsp-record,JMC_CHLD_FFSH_PRNT,Cameron_QR,John Malcolm Cameron ,Frances (Fanny) Stephens Hawks ,John_Malcolm_Cameron_,Frances_Fanny_Stephens_Hawks_,Child,Parent,Familial,,
John Malcolm Cameron -Child- John Adams Cameron -Parent,prsp-record,JMC_CHLD_JAC_PRNT,Cameron_QR,John Malcolm Cameron ,John Adams Cameron ,John_Malcolm_Cameron_,John_Adams_Cameron_,Child,Parent,Familial,,
Jean Matherson Cameron -Child- John Cameron -Parent,prsp-record,JMC_CHLD_JC_PRNT,Cameron_QR,Jean Matherson Cameron ,John Cameron ,Jean_Matherson_Cameron_,John_Cameron_,Child,Parent,Familial,,
Jean Mathewson Cameron -Child- John Cameron -Parent,prsp-record,JMC_CHLD_JC_PRNT2,Cameron_QR,Jean Mathewson Cameron ,John Cameron ,Jean_Mathewson_Cameron_,John_Cameron_,Child,Parent,Familial,,
Jane Minerva Ruffin -Child- Anne McNabb  Kirkland  -Parent,prsp-record,JMR_CHLD_AMNK_PRNT,Cameron_QR,Jane Minerva Ruffin ,Anne McNabb  Kirkland  ,Jane_Minerva_Ruffin_,Anne_McNabb_Kirkland_,Child,Parent,Familial,,
Jane Minerva Ruffin -Child- Thomas Ruffin -Parent,prsp-record,JMR_CHLD_TR_PRNT,Cameron_QR,Jane Minerva Ruffin ,Thomas Ruffin ,Jane_Minerva_Ruffin_,Thomas_Ruffin_,Child,Parent,Familial,,
John Nash Cameron -Child- Ann Owen Cameron -Parent,prsp-record,JNC_CHLD_AOC_PRNT,Cameron_QR,John Nash Cameron ,Ann Owen Cameron ,John_Nash_Cameron_,Ann_Owen_Cameron_,Child,Parent,Familial,,
John Nash Cameron -Child- John Cameron -Parent,prsp-record,JNC_CHLD_JC_PRNT,Cameron_QR,John Nash Cameron ,John Cameron ,John_Nash_Cameron_,John_Cameron_,Child,Parent,Familial,,
Jean Syme Cameron -Child- Ann Call -Parent,prsp-record,JSC_CHLD_AC_PRNT,Cameron_QR,Jean Syme Cameron ,Ann Call ,Jean_Syme_Cameron_,Ann_Call_,Child,Parent,Familial,,
Jean Syme Cameron -Child- Duncan Cameron -Parent,prsp-record,JSC_CHLD_DC_PRNT,Cameron_QR,Jean Syme Cameron ,Duncan Cameron ,Jean_Syme_Cameron_,Duncan_Cameron_,Child,Parent,Familial,,
Jean Syme Cameron -Child- Rebecca Bennehan -Parent,prsp-record,JSC_CHLD_RB_PRNT,Cameron_QR,Jean Syme Cameron ,Rebecca Bennehan ,Jean_Syme_Cameron_,Rebecca_Bennehan_,Child,Parent,Familial,,
Jean Syme Cameron -Child- William Ewan Cameron -Parent,prsp-record,JSC_CHLD_WEC_PRNT,Cameron_QR,Jean Syme Cameron ,William Ewan Cameron ,Jean_Syme_Cameron_,William_Ewan_Cameron_,Child,Parent,Familial,,
John Umstead Kirkland -Child- Margaret Blain Scott -Parent,prsp-record,JUK_CHLD_MBS_PRNT,Cameron_QR,John Umstead Kirkland ,Margaret Blain Scott ,John_Umstead_Kirkland_,Margaret_Blain_Scott_,Child,Parent,Familial,,
John Umstead Kirkland -Child- William Kirkland -Parent,prsp-record,JUK_CHLD_WK_PRNT,Cameron_QR,John Umstead Kirkland ,William Kirkland ,John_Umstead_Kirkland_,William_Kirkland_,Child,Parent,Familial,,
J W Kirkland -Child- Mary B Short Cameron -Parent,prsp-record,JWK_CHLD_MBSC_PRNT,Cameron_QR,J W Kirkland ,Mary B Short Cameron ,J_W_Kirkland_,Mary_B_Short_Cameron_,Child,Parent,Familial,,
Lucy Call -Child- Elizabeth Taylor -Parent,prsp-record,LC_CHLD_ET_PRNT,Cameron_QR,Lucy Call ,Elizabeth Taylor ,Lucy_Call_,Elizabeth_Taylor_,Child,Parent,Familial,,
Lucy Call -Child- William Call -Parent,prsp-record,LC_CHLD_WC_PRNT,Cameron_QR,Lucy Call ,William Call ,Lucy_Call_,William_Call_,Child,Parent,Familial,,
Lucille Nelson Ambler -Marries- Daniel Call ,prsp-record,LNA_MARRIES_DC,Cameron_QR,Lucille Nelson Ambler ,Daniel Call ,Lucille_Nelson_Ambler_,Daniel_Call_,Wife,Husband,Marriage,,
Lucy Taliaferro -Child- Rebecca Cocke -Parent,prsp-record,LT_CHLD_RC_PRNT,Cameron_QR,Lucy Taliaferro ,Rebecca Cocke ,Lucy_Taliaferro_,Rebecca_Cocke_,Child,Parent,Familial,,
Lucy Taliaferro -Child- Richard Taliaferro II -Parent,prsp-record,LT_CHLD_RTII_PRNT,Cameron_QR,Lucy Taliaferro ,Richard Taliaferro II ,Lucy_Taliaferro_,Richard_Taliaferro_II_,Child,Parent,Familial,,
Mary Ann Cameron -Child- Duncan Cameron -Parent,prsp-record,MAC_CHLD_DC_PRNT,Cameron_QR,Mary Ann Cameron ,Duncan Cameron ,Mary_Ann_Cameron_,Duncan_Cameron_,Child,Parent,Familial,,
Mary Ann Cameron -Child- Rebecca Bennehan -Parent,prsp-record,MAC_CHLD_RB_PRNT,Cameron_QR,Mary Ann Cameron ,Rebecca Bennehan ,Mary_Ann_Cameron_,Rebecca_Bennehan_,Child,Parent,Familial,,
Mary Anderson Kirkland -Child- Margaret Blain Scott -Parent,prsp-record,MAK_CHLD_MBS_PRNT,Cameron_QR,Mary Anderson Kirkland ,Margaret Blain Scott ,Mary_Anderson_Kirkland_,Margaret_Blain_Scott_,Child,Parent,Familial,,
Mary Anderson Kirkland -Child- William Kirkland -Parent,prsp-record,MAK_CHLD_WK_PRNT,Cameron_QR,Mary Anderson Kirkland ,William Kirkland ,Mary_Anderson_Kirkland_,William_Kirkland_,Child,Parent,Familial,,
Mary Bennehan -Marries- Richard Bennehan ,prsp-record,MB_MARRIES_RB,Cameron_QR,Mary Bennehan ,Richard Bennehan ,Mary_Bennehan_,Richard_Bennehan_,Wife,Husband,Marriage,,
Margaret Bain Cameron -Child- Duncan Cameron -Parent,prsp-record,MBC_CHLD_DC_PRNT,Cameron_QR,Margaret Bain Cameron ,Duncan Cameron ,Margaret_Bain_Cameron_,Duncan_Cameron_,Child,Parent,Familial,,
Margaret Bain Cameron -Child- Rebecca Bennehan -Parent,prsp-record,MBC_CHLD_RB_PRNT,Cameron_QR,Margaret Bain Cameron ,Rebecca Bennehan ,Margaret_Bain_Cameron_,Rebecca_Bennehan_,Child,Parent,Familial,,
Margaret Bain Cameron -Marries- George W Mordecai ,prsp-record,MBC_MARRIES_GWM,Cameron_QR,Margaret Bain Cameron ,George W Mordecai ,Margaret_Bain_Cameron_,George_W_Mordecai_,Wife,Husband,Marriage,,
Margaret Bain Mordecai -Child- Duncan Cameron -Parent,prsp-record,MBM_CHLD_DC_PRNT,Cameron_QR,Margaret Bain Mordecai ,Duncan Cameron ,Margaret_Bain_Mordecai_,Duncan_Cameron_,Child,Parent,Familial,,
Margaret Bain Mordecai -Child- Rebecca Bennehan -Parent,prsp-record,MBM_CHLD_RB_PRNT,Cameron_QR,Margaret Bain Mordecai ,Rebecca Bennehan ,Margaret_Bain_Mordecai_,Rebecca_Bennehan_,Child,Parent,Familial,,
Margaret Blain Scott -Marries- William Kirkland ,prsp-record,MBS_MARRIES_WK,Cameron_QR,Margaret Blain Scott ,William Kirkland ,Margaret_Blain_Scott_,William_Kirkland_,Wife,Husband,Marriage,1792-12-24,1836
Mary B Short Cameron -Marries- Robert Strange Kirkland ,prsp-record,MBSC_MARRIES_RSK,Cameron_QR,Mary B Short Cameron ,Robert Strange Kirkland ,Mary_B_Short_Cameron_,Robert_Strange_Kirkland_,Wife,Husband,Marriage,1896-06-06,1899
Margaret Cameron -Child- Ann Owen Cameron -Parent,prsp-record,MC_CHLD_AOC_PRNT,Cameron_QR,Margaret Cameron ,Ann Owen Cameron ,Margaret_Cameron_,Ann_Owen_Cameron_,Child,Parent,Familial,,
Margaret Cameron -Child- John Cameron -Parent,prsp-record,MC_CHLD_JC_PRNT,Cameron_QR,Margaret Cameron ,John Cameron ,Margaret_Cameron_,John_Cameron_,Child,Parent,Familial,,
Mildred Coles Cameron -Child- Duncan Cameron -Parent,prsp-record,MCC_CHLD_DC_PRNT,Cameron_QR,Mildred Coles Cameron ,Duncan Cameron ,Mildred_Coles_Cameron_,Duncan_Cameron_,Child,Parent,Familial,,
Marshall Call Cameron -Child- Emma St. Clair Moore -Parent,prsp-record,MCC_CHLD_ESCM_PRNT,Cameron_QR,Marshall Call Cameron ,Emma St. Clair Moore ,Marshall_Call_Cameron_,Emma_St_Clair_Moore_,Child,Parent,Familial,,
Mildred Coles Cameron -Child- Rebecca Bennehan -Parent,prsp-record,MCC_CHLD_RB_PRNT,Cameron_QR,Mildred Coles Cameron ,Rebecca Bennehan ,Mildred_Coles_Cameron_,Rebecca_Bennehan_,Child,Parent,Familial,,
Marshall Call Cameron -Child- William Ewan Cameron -Parent,prsp-record,MCC_CHLD_WEC_PRNT,Cameron_QR,Marshall Call Cameron ,William Ewan Cameron ,Marshall_Call_Cameron_,William_Ewan_Cameron_,Child,Parent,Familial,,
Michael C Marsh -Child- Estelle Watlington -Parent,prsp-record,MCM_CHLD_EW_PRNT,Cameron_QR,Michael C Marsh ,Estelle Watlington ,Michael_C_Marsh_,Estelle_Watlington_,Child,Parent,Familial,,
Michael C Marsh -Child- Stanley Marsh -Parent,prsp-record,MCM_CHLD_SM_PRNT,Cameron_QR,Michael C Marsh ,Stanley Marsh ,Michael_C_Marsh_,Stanley_Marsh_,Child,Parent,Familial,,
Mary Hartwell Taliaferro -Child- Rebecca Cocke -Parent,prsp-record,MHT_CHLD_RC_PRNT,Cameron_QR,Mary Hartwell Taliaferro ,Rebecca Cocke ,Mary_Hartwell_Taliaferro_,Rebecca_Cocke_,Child,Parent,Familial,,
Mary Hartwell Taliaferro -Child- Richard Taliaferro II -Parent,prsp-record,MHT_CHLD_RTII_PRNT,Cameron_QR,Mary Hartwell Taliaferro ,Richard Taliaferro II ,Mary_Hartwell_Taliaferro_,Richard_Taliaferro_II_,Child,Parent,Familial,,
Mary Hartwell Taliaferro -Marries- Judge William Nelson ,prsp-record,MHT_MARRIES_JWN,Cameron_QR,Mary Hartwell Taliaferro ,Judge William Nelson ,Mary_Hartwell_Taliaferro_,Judge_William_Nelson_,Wife,Husband,Marriage,1779,1780
Michael Marsh -Child- Estelle Watlington -Parent,prsp-record,MM_CHLD_EW_PRNT,Cameron_QR,Michael Marsh ,Estelle Watlington ,Michael_Marsh_,Estelle_Watlington_,Child,Parent,Familial,,
Michael Marsh -Child- Stanley Marsh -Parent,prsp-record,MM_CHLD_SM_PRNT,Cameron_QR,Michael Marsh ,Stanley Marsh ,Michael_Marsh_,Stanley_Marsh_,Child,Parent,Familial,,
Mary Nash -Child- Ann Owen Cameron -Parent,prsp-record,MN_CHLD_AOC_PRNT,Cameron_QR,Mary Nash ,Ann Owen Cameron ,Mary_Nash_,Ann_Owen_Cameron_,Child,Parent,Familial,,
Mary Nash -Child- John Cameron -Parent,prsp-record,MN_CHLD_JC_PRNT,Cameron_QR,Mary Nash ,John Cameron ,Mary_Nash_,John_Cameron_,Child,Parent,Familial,,
Mary Nelson Taliaferro -Child- Rebecca Cocke -Parent,prsp-record,MNT_CHLD_RC_PRNT,Cameron_QR,Mary Nelson Taliaferro ,Rebecca Cocke ,Mary_Nelson_Taliaferro_,Rebecca_Cocke_,Child,Parent,Familial,,
Mary Nelson Taliaferro -Child- Richard Taliaferro II -Parent,prsp-record,MNT_CHLD_RTII_PRNT,Cameron_QR,Mary Nelson Taliaferro ,Richard Taliaferro II ,Mary_Nelson_Taliaferro_,Richard_Taliaferro_II_,Child,Parent,Familial,,
Martha P Ruffin -Child- Anne McNabb  Kirkland  -Parent,prsp-record,MPR_CHLD_AMNK_PRNT,Cameron_QR,Martha P Ruffin ,Anne McNabb  Kirkland  ,Martha_P_Ruffin_,Anne_McNabb_Kirkland_,Child,Parent,Familial,,
Martha P Ruffin -Child- Thomas Ruffin -Parent,prsp-record,MPR_CHLD_TR_PRNT,Cameron_QR,Martha P Ruffin ,Thomas Ruffin ,Martha_P_Ruffin_,Thomas_Ruffin_,Child,Parent,Familial,,
Mary (Polly) Taliaferro -Child- Rebecca Cocke -Parent,prsp-record,MPT_CHLD_RC_PRNT,Cameron_QR,Mary (Polly) Taliaferro ,Rebecca Cocke ,Mary_Polly_Taliaferro_,Rebecca_Cocke_,Child,Parent,Familial,,
Mary (Polly) Taliaferro -Child- Richard Taliaferro II -Parent,prsp-record,MPT_CHLD_RTII_PRNT,Cameron_QR,Mary (Polly) Taliaferro ,Richard Taliaferro II ,Mary_Polly_Taliaferro_,Richard_Taliaferro_II_,Child,Parent,Familial,,
Mary Read Cameron -Child- Ann Call -Parent,prsp-record,MRC_CHLD_AC_PRNT,Cameron_QR,Mary Read Cameron ,Ann Call ,Mary_Read_Cameron_,Ann_Call_,Child,Parent,Familial,,
Mary Reade Cameron -Child- Ann Owen Cameron -Parent,prsp-record,MRC_CHLD_AOC_PRNT,Cameron_QR,Mary Reade Cameron ,Ann Owen Cameron ,Mary_Reade_Cameron_,Ann_Owen_Cameron_,Child,Parent,Familial,,
Mary Reade Cameron -Child- John Cameron -Parent,prsp-record,MRC_CHLD_JC_PRNT,Cameron_QR,Mary Reade Cameron ,John Cameron ,Mary_Reade_Cameron_,John_Cameron_,Child,Parent,Familial,,
Mary Read Cameron -Child- William Ewan Cameron -Parent,prsp-record,MRC_CHLD_WEC_PRNT,Cameron_QR,Mary Read Cameron ,William Ewan Cameron ,Mary_Read_Cameron_,William_Ewan_Cameron_,Child,Parent,Familial,,
Phyllis Adams -Marries- William Alexander Kirkland ,prsp-record,PA_MARRIES_WAK,Cameron_QR,Phyllis Adams ,William Alexander Kirkland ,Phyllis_Adams_,William_Alexander_Kirkland_,Wife,Husband,Marriage,12/12/1944,1986
Peter Browne Ruffin -Child- Anne McNabb  Kirkland  -Parent,prsp-record,PBR_CHLD_AMNK_PRNT,Cameron_QR,Peter Browne Ruffin ,Anne McNabb  Kirkland  ,Peter_Browne_Ruffin_,Anne_McNabb_Kirkland_,Child,Parent,Familial,,
Peter Browne Ruffin -Child- Thomas Ruffin -Parent,prsp-record,PBR_CHLD_TR_PRNT,Cameron_QR,Peter Browne Ruffin ,Thomas Ruffin ,Peter_Browne_Ruffin_,Thomas_Ruffin_,Child,Parent,Familial,,
Paul Carrington Cameron -Child- Duncan Cameron -Parent,prsp-record,PCC_CHLD_DC_PRNT,Cameron_QR,Paul Carrington Cameron ,Duncan Cameron ,Paul_Carrington_Cameron_,Duncan_Cameron_,Child,Parent,Familial,,
Paul Carrington Cameron -Child- Rebecca Bennehan -Parent,prsp-record,PCC_CHLD_RB_PRNT,Cameron_QR,Paul Carrington Cameron ,Rebecca Bennehan ,Paul_Carrington_Cameron_,Rebecca_Bennehan_,Child,Parent,Familial,,
Rebecca Bennehan -Child- Mary Bennehan -Parent,prsp-record,RB_CHLD_MB_PRNT,Cameron_QR,Rebecca Bennehan ,Mary Bennehan ,Rebecca_Bennehan_,Mary_Bennehan_,Child,Parent,Familial,,
Rebecca Bennehan -Child- Richard Bennehan -Parent,prsp-record,RB_CHLD_RB_PRNT,Cameron_QR,Rebecca Bennehan ,Richard Bennehan ,Rebecca_Bennehan_,Richard_Bennehan_,Child,Parent,Familial,,
Rebecca Bennehan -Marries- Duncan Cameron ,prsp-record,RB_MARRIES_DC,Cameron_QR,Rebecca Bennehan ,Duncan Cameron ,Rebecca_Bennehan_,Duncan_Cameron_,Wife,Husband,Marriage,1802-11-23,1853
Rebecca Bennehan Cameron -Child- Duncan Cameron -Parent,prsp-record,RBC_CHLD_DC_PRNT,Cameron_QR,Rebecca Bennehan Cameron ,Duncan Cameron ,Rebecca_Bennehan_Cameron_,Duncan_Cameron_,Child,Parent,Familial,,
Rebecca Bennehan Cameron -Child- Rebecca Bennehan -Parent,prsp-record,RBC_CHLD_RB_PRNT,Cameron_QR,Rebecca Bennehan Cameron ,Rebecca Bennehan ,Rebecca_Bennehan_Cameron_,Rebecca_Bennehan_,Child,Parent,Familial,,
Rebecca Cocke -Marries- Richard Taliaferro II ,prsp-record,RC_MARRIES_RTII,Cameron_QR,Rebecca Cocke ,Richard Taliaferro II ,Rebecca_Cocke_,Richard_Taliaferro_II_,Wife,Husband,Marriage,1760,1789
Robert Gowland Kirkland -Child- Consolacion Victoria  Gowland -Parent,prsp-record,RGK_CHLD_CVG_PRNT,Cameron_QR,Robert Gowland Kirkland ,Consolacion Victoria  Gowland ,Robert_Gowland_Kirkland_,Consolacion_Victoria_Gowland_,Child,Parent,Familial,,
Robert Gowland Kirkland -Child- William Alexander Kirkland -Parent,prsp-record,RGK_CHLD_WAK_PRNT,Cameron_QR,Robert Gowland Kirkland ,William Alexander Kirkland ,Robert_Gowland_Kirkland_,William_Alexander_Kirkland_,Child,Parent,Familial,,
Robert Hartwell Taliaferro -Child- Rebecca Cocke -Parent,prsp-record,RHT_CHLD_RC_PRNT,Cameron_QR,Robert Hartwell Taliaferro ,Rebecca Cocke ,Robert_Hartwell_Taliaferro_,Rebecca_Cocke_,Child,Parent,Familial,,
Robert Hartwell Taliaferro -Child- Richard Taliaferro II -Parent,prsp-record,RHT_CHLD_RTII_PRNT,Cameron_QR,Robert Hartwell Taliaferro ,Richard Taliaferro II ,Robert_Hartwell_Taliaferro_,Richard_Taliaferro_II_,Child,Parent,Familial,,
Richard Keith Call -Child- Elizabeth Taylor -Parent,prsp-record,RKC_CHLD_ET_PRNT,Cameron_QR,Richard Keith Call ,Elizabeth Taylor ,Richard_Keith_Call_,Elizabeth_Taylor_,Child,Parent,Familial,,
Richard Keith Call -Child- Elizabeth Taylor -Parent,prsp-record,RKC_CHLD_ET_PRNT,Cameron_QR,Richard Keith Call ,Elizabeth Taylor ,Richard_Keith_Call_,Elizabeth_Taylor_,Child,Parent,Familial,,
Richard Keith Call -Child- William Call -Parent,prsp-record,RKC_CHLD_WC_PRNT,Cameron_QR,Richard Keith Call ,William Call ,Richard_Keith_Call_,William_Call_,Child,Parent,Familial,,
Richard Keith Call -Child- William Call -Parent,prsp-record,RKC_CHLD_WC_PRNT,Cameron_QR,Richard Keith Call ,William Call ,Richard_Keith_Call_,William_Call_,Child,Parent,Familial,,
Robert Strange Kirkland -Child- Anna MacKenzie Cameron -Parent,prsp-record,RSK_CHLD_AMKC_PRNT,Cameron_QR,Robert Strange Kirkland ,Anna MacKenzie Cameron ,Robert_Strange_Kirkland_,Anna_MacKenzie_Cameron_,Child,Parent,Familial,,
Robert Strange Kirkland -Child- Alexander McKenzie Kirkland -Parent,prsp-record,RSK_CHLD_AMKK_PRNT,Cameron_QR,Robert Strange Kirkland ,Alexander McKenzie Kirkland ,Robert_Strange_Kirkland_,Alexander_McKenzie_Kirkland_,Child,Parent,Familial,,
Rebecca Taliaferro -Child- Rebecca Cocke -Parent,prsp-record,RT_CHLD_RC_PRNT,Cameron_QR,Rebecca Taliaferro ,Rebecca Cocke ,Rebecca_Taliaferro_,Rebecca_Cocke_,Child,Parent,Familial,,
Richard Taliaferro -Child- Rebecca Cocke -Parent,prsp-record,RT_CHLD_RC_PRNT2,Cameron_QR,Richard Taliaferro ,Rebecca Cocke ,Richard_Taliaferro_,Rebecca_Cocke_,Child,Parent,Familial,,
Rebecca Taliaferro -Child- Richard Taliaferro II -Parent,prsp-record,RT_CHLD_RTII_PRNT,Cameron_QR,Rebecca Taliaferro ,Richard Taliaferro II ,Rebecca_Taliaferro_,Richard_Taliaferro_II_,Child,Parent,Familial,,
Richard Taliaferro -Child- Richard Taliaferro II -Parent,prsp-record,RT_CHLD_RTII_PRNT2,Cameron_QR,Richard Taliaferro ,Richard Taliaferro II ,Richard_Taliaferro_,Richard_Taliaferro_II_,Child,Parent,Familial,,
Rebecca T Cameron -Child- Ann Call -Parent,prsp-record,RTC_CHLD_AC_PRNT,Cameron_QR,Rebecca T Cameron ,Ann Call ,Rebecca_T_Cameron_,Ann_Call_,Child,Parent,Familial,,
Rebecca T Cameron -Child- William Ewan Cameron -Parent,prsp-record,RTC_CHLD_WEC_PRNT,Cameron_QR,Rebecca T Cameron ,William Ewan Cameron ,Rebecca_T_Cameron_,William_Ewan_Cameron_,Child,Parent,Familial,,
Richard Taliaferro II -Child- Elizabeth Eggleston -Parent,prsp-record,RTII_CHLD_EE_PRNT,Cameron_QR,Richard Taliaferro II ,Elizabeth Eggleston ,Richard_Taliaferro_II_,Elizabeth_Eggleston_,Child,Parent,Familial,,
Richard Taliaferro II -Child- Richard Taliaferro -Parent,prsp-record,RTII_CHLD_RT_PRNT,Cameron_QR,Richard Taliaferro II ,Richard Taliaferro ,Richard_Taliaferro_II_,Richard_Taliaferro_,Child,Parent,Familial,,
Richard Taliaferro III -Child- Rebecca Cocke -Parent,prsp-record,RTIII_CHLD_RC_PRNT,Cameron_QR,Richard Taliaferro III ,Rebecca Cocke ,Richard_Taliaferro_III_,Rebecca_Cocke_,Child,Parent,Familial,,
Richard Taliaferro III -Child- Richard Taliaferro II -Parent,prsp-record,RTIII_CHLD_RTII_PRNT,Cameron_QR,Richard Taliaferro III ,Richard Taliaferro II ,Richard_Taliaferro_III_,Richard_Taliaferro_II_,Child,Parent,Familial,,
Sarah Kirkland Marsh -Child- Alexandra A Kirkland -Parent,prsp-record,SKM_CHLD_AAK_PRNT,Cameron_QR,Sarah Kirkland Marsh ,Alexandra A Kirkland ,Sarah_Kirkland_Marsh_,Alexandra_A_Kirkland_,Child,Parent,Familial,,
Sarah Kirkland Marsh -Child- Michael C Marsh -Parent,prsp-record,SKM_CHLD_MCM_PRNT,Cameron_QR,Sarah Kirkland Marsh ,Michael C Marsh ,Sarah_Kirkland_Marsh_,Michael_C_Marsh_,Child,Parent,Familial,,
"Susan Kollock Witherspoon -Child- Elizabeth ""Eliza"" Adams  Cameron -Parent",prsp-record,SKW_CHLD_EEAC_PRNT,Cameron_QR,Susan Kollock Witherspoon ,"Elizabeth ""Eliza"" Adams  Cameron ",Susan_Kollock_Witherspoon_,Elizabeth_Eliza_Adams_Cameron_,Child,Parent,Familial,,
Susan Kollock Witherspoon -Child- Henry Kollock Witherspoon -Parent,prsp-record,SKW_CHLD_HKW_PRNT,Cameron_QR,Susan Kollock Witherspoon ,Henry Kollock Witherspoon ,Susan_Kollock_Witherspoon_,Henry_Kollock_Witherspoon_,Child,Parent,Familial,,
Sarah Marsh -Child- Alexandra Kirkland -Parent,prsp-record,SM_CHLD_AK_PRNT,Cameron_QR,Sarah Marsh ,Alexandra Kirkland ,Sarah_Marsh_,Alexandra_Kirkland_,Child,Parent,Familial,,
Sarah Marsh -Child- Michael Marsh -Parent,prsp-record,SM_CHLD_MM_PRNT,Cameron_QR,Sarah Marsh ,Michael Marsh ,Sarah_Marsh_,Michael_Marsh_,Child,Parent,Familial,,
Susan Mary Brodnax -Child- Anne McNabb  Kirkland  -Parent,prsp-record,SMB_CHLD_AMNK_PRNT,Cameron_QR,Susan Mary Brodnax ,Anne McNabb  Kirkland  ,Susan_Mary_Brodnax_,Anne_McNabb_Kirkland_,Child,Parent,Familial,,
Susan Mary Brodnax -Child- Thomas Ruffin -Parent,prsp-record,SMB_CHLD_TR_PRNT,Cameron_QR,Susan Mary Brodnax ,Thomas Ruffin ,Susan_Mary_Brodnax_,Thomas_Ruffin_,Child,Parent,Familial,,
Sarah Nash Gwynn -Child- Anne McNabb  Kirkland  -Parent,prsp-record,SNG_CHLD_AMNK_PRNT,Cameron_QR,Sarah Nash Gwynn ,Anne McNabb  Kirkland  ,Sarah_Nash_Gwynn_,Anne_McNabb_Kirkland_,Child,Parent,Familial,,
Sarah Nash Gwynn -Child- Thomas Ruffin -Parent,prsp-record,SNG_CHLD_TR_PRNT,Cameron_QR,Sarah Nash Gwynn ,Thomas Ruffin ,Sarah_Nash_Gwynn_,Thomas_Ruffin_,Child,Parent,Familial,,
Sterling Ruffin -Child- Anne McNabb  Kirkland  -Parent,prsp-record,SR_CHLD_AMNK_PRNT,Cameron_QR,Sterling Ruffin ,Anne McNabb  Kirkland  ,Sterling_Ruffin_,Anne_McNabb_Kirkland_,Child,Parent,Familial,,
Sterling Ruffin -Child- Thomas Ruffin -Parent,prsp-record,SR_CHLD_TR_PRNT,Cameron_QR,Sterling Ruffin ,Thomas Ruffin ,Sterling_Ruffin_,Thomas_Ruffin_,Child,Parent,Familial,,
Sarah Rebecca Cameron -Child- Emma St. Clair Moore -Parent,prsp-record,SRC_CHLD_ESCM_PRNT,Cameron_QR,Sarah Rebecca Cameron ,Emma St. Clair Moore ,Sarah_Rebecca_Cameron_,Emma_St_Clair_Moore_,Child,Parent,Familial,,
Sarah Rebecca Cameron -Child- William Ewan Cameron -Parent,prsp-record,SRC_CHLD_WEC_PRNT,Cameron_QR,Sarah Rebecca Cameron ,William Ewan Cameron ,Sarah_Rebecca_Cameron_,William_Ewan_Cameron_,Child,Parent,Familial,,
Sarah Taliaferro -Child- Rebecca Cocke -Parent,prsp-record,ST_CHLD_RC_PRNT,Cameron_QR,Sarah Taliaferro ,Rebecca Cocke ,Sarah_Taliaferro_,Rebecca_Cocke_,Child,Parent,Familial,,
Sarah Taliaferro -Child- Richard Taliaferro II -Parent,prsp-record,ST_CHLD_RTII_PRNT,Cameron_QR,Sarah Taliaferro ,Richard Taliaferro II ,Sarah_Taliaferro_,Richard_Taliaferro_II_,Child,Parent,Familial,,
Susan Umstead Kirkland -Child- Margaret Blain Scott -Parent,prsp-record,SUK_CHLD_MBS_PRNT,Cameron_QR,Susan Umstead Kirkland ,Margaret Blain Scott ,Susan_Umstead_Kirkland_,Margaret_Blain_Scott_,Child,Parent,Familial,,
Susan Umstead Kirkland -Child- William Kirkland -Parent,prsp-record,SUK_CHLD_WK_PRNT,Cameron_QR,Susan Umstead Kirkland ,William Kirkland ,Susan_Umstead_Kirkland_,William_Kirkland_,Child,Parent,Familial,,
Thomas Amis Cameron -Child- Duncan Cameron -Parent,prsp-record,TAC_CHLD_DC_PRNT,Cameron_QR,Thomas Amis Cameron ,Duncan Cameron ,Thomas_Amis_Cameron_,Duncan_Cameron_,Child,Parent,Familial,,
Thomas Amis Cameron -Child- Rebecca Bennehan -Parent,prsp-record,TAC_CHLD_RB_PRNT,Cameron_QR,Thomas Amis Cameron ,Rebecca Bennehan ,Thomas_Amis_Cameron_,Rebecca_Bennehan_,Child,Parent,Familial,,
Thomas Cameron -Child- Ann Owen Cameron -Parent,prsp-record,TC_CHLD_AOC_PRNT,Cameron_QR,Thomas Cameron ,Ann Owen Cameron ,Thomas_Cameron_,Ann_Owen_Cameron_,Child,Parent,Familial,,
Thomas Cameron -Child- John Cameron -Parent,prsp-record,TC_CHLD_JC_PRNT,Cameron_QR,Thomas Cameron ,John Cameron ,Thomas_Cameron_,John_Cameron_,Child,Parent,Familial,,
Thomas Nash Cameron -Child- Ann Owen Cameron -Parent,prsp-record,TNC_CHLD_AOC_PRNT,Cameron_QR,Thomas Nash Cameron ,Ann Owen Cameron ,Thomas_Nash_Cameron_,Ann_Owen_Cameron_,Child,Parent,Familial,,
Thomas Nash Cameron -Child- John Cameron -Parent,prsp-record,TNC_CHLD_JC_PRNT,Cameron_QR,Thomas Nash Cameron ,John Cameron ,Thomas_Nash_Cameron_,John_Cameron_,Child,Parent,Familial,,
Thomas Ruffin -Child- Anne McNabb  Kirkland  -Parent,prsp-record,TR_CHLD_AMNK_PRNT,Cameron_QR,Thomas Ruffin ,Anne McNabb  Kirkland  ,Thomas_Ruffin_,Anne_McNabb_Kirkland_,Child,Parent,Familial,,
Thomas Ruffin -Child- Thomas Ruffin -Parent,prsp-record,TR_CHLD_TR_PRNT,Cameron_QR,Thomas Ruffin ,Thomas Ruffin ,Thomas_Ruffin_,Thomas_Ruffin_,Child,Parent,Familial,,
Thomas Wythe Call -Child- Elizabeth Taylor -Parent,prsp-record,TWC_CHLD_ET_PRNT,Cameron_QR,Thomas Wythe Call ,Elizabeth Taylor ,Thomas_Wythe_Call_,Elizabeth_Taylor_,Child,Parent,Familial,,
Thomas Wythe Call -Child- William Call -Parent,prsp-record,TWC_CHLD_WC_PRNT,Cameron_QR,Thomas Wythe Call ,William Call ,Thomas_Wythe_Call_,William_Call_,Child,Parent,Familial,,
Walker Anderson Cameron -Child- Ann Call -Parent,prsp-record,WAC_CHLD_AC_PRNT,Cameron_QR,Walker Anderson Cameron ,Ann Call ,Walker_Anderson_Cameron_,Ann_Call_,Child,Parent,Familial,,
Walker Anderson Cameron -Child- William Ewan Cameron -Parent,prsp-record,WAC_CHLD_WEC_PRNT,Cameron_QR,Walker Anderson Cameron ,William Ewan Cameron ,Walker_Anderson_Cameron_,William_Ewan_Cameron_,Child,Parent,Familial,,
William Alexander Kirkland -Child- Anna MacKenzie Cameron -Parent,prsp-record,WAK_CHLD_AMKC_PRNT,Cameron_QR,William Alexander Kirkland ,Anna MacKenzie Cameron ,William_Alexander_Kirkland_,Anna_MacKenzie_Cameron_,Child,Parent,Familial,,
William Alexander Kirkland -Child- Alexander McKenzie Kirkland -Parent,prsp-record,WAK_CHLD_AMKK_PRNT,Cameron_QR,William Alexander Kirkland ,Alexander McKenzie Kirkland ,William_Alexander_Kirkland_,Alexander_McKenzie_Kirkland_,Child,Parent,Familial,,
William Alexander Kirkland -Child- Charlotte Kirk Meginn -Parent,prsp-record,WAK_CHLD_CKM_PRNT,Cameron_QR,William Alexander Kirkland ,Charlotte Kirk Meginn ,William_Alexander_Kirkland_,Charlotte_Kirk_Meginn_,Child,Parent,Familial,,
William Alexander Kirkland -Child- Robert Gowland Kirkland -Parent,prsp-record,WAK_CHLD_RGK_PRNT,Cameron_QR,William Alexander Kirkland ,Robert Gowland Kirkland ,William_Alexander_Kirkland_,Robert_Gowland_Kirkland_,Child,Parent,Familial,,
William Alexander Marsh -Child- Alexandra A Kirkland -Parent,prsp-record,WAM_CHLD_AAK_PRNT,Cameron_QR,William Alexander Marsh ,Alexandra A Kirkland ,William_Alexander_Marsh_,Alexandra_A_Kirkland_,Child,Parent,Familial,,
William Alexander Marsh -Child- Alexandra Kirkland -Parent,prsp-record,WAM_CHLD_AK_PRNT,Cameron_QR,William Alexander Marsh ,Alexandra Kirkland ,William_Alexander_Marsh_,Alexandra_Kirkland_,Child,Parent,Familial,,
William Alexander Marsh -Child- Michael C Marsh -Parent,prsp-record,WAM_CHLD_MCM_PRNT,Cameron_QR,William Alexander Marsh ,Michael C Marsh ,William_Alexander_Marsh_,Michael_C_Marsh_,Child,Parent,Familial,,
William Alexander Marsh -Child- Michael Marsh -Parent,prsp-record,WAM_CHLD_MM_PRNT,Cameron_QR,William Alexander Marsh ,Michael Marsh ,William_Alexander_Marsh_,Michael_Marsh_,Child,Parent,Familial,,
William Call -Child- DANIEL Call -Parent,prsp-record,WC_CHLD_DANIELC_PRNT,Cameron_QR,William Call ,DANIEL Call ,William_Call_,DANIEL_Call_,Child,Parent,Familial,,
William Call -Child- Elizabeth Taylor -Parent,prsp-record,WC_CHLD_ET_PRNT,Cameron_QR,William Call ,Elizabeth Taylor ,William_Call_,Elizabeth_Taylor_,Child,Parent,Familial,,
William Call -Child- William Call -Parent,prsp-record,WC_CHLD_WC_PRNT,Cameron_QR,William Call ,William Call ,William_Call_,William_Call_,Child,Parent,Familial,,
William Ewan Cameron -Child- Ann Call -Parent,prsp-record,WEC_CHLD_AC_PRNT,Cameron_QR,William Ewan Cameron ,Ann Call ,William_Ewan_Cameron_,Ann_Call_,Child,Parent,Familial,,
William Ewan Cameron -Child- Ann Owen Cameron -Parent,prsp-record,WEC_CHLD_AOC_PRNT,Cameron_QR,William Ewan Cameron ,Ann Owen Cameron ,William_Ewan_Cameron_,Ann_Owen_Cameron_,Child,Parent,Familial,,
William Evelyn Cameron -Child- Elizabeth Walker -Parent,prsp-record,WEC_CHLD_EW_PRNT,Cameron_QR,William Evelyn Cameron ,Elizabeth Walker ,William_Evelyn_Cameron_,Elizabeth_Walker_,Child,Parent,Familial,,
William Ewan Cameron -Child- John Cameron -Parent,prsp-record,WEC_CHLD_JC_PRNT,Cameron_QR,William Ewan Cameron ,John Cameron ,William_Ewan_Cameron_,John_Cameron_,Child,Parent,Familial,,
William Evelyn Cameron -Child- Walker Anderson Cameron -Parent,prsp-record,WEC_CHLD_WAC_PRNT,Cameron_QR,William Evelyn Cameron ,Walker Anderson Cameron ,William_Evelyn_Cameron_,Walker_Anderson_Cameron_,Child,Parent,Familial,,
William Ewan Cameron -Child- William Ewan Cameron -Parent,prsp-record,WEC_CHLD_WEC_PRNT,Cameron_QR,William Ewan Cameron ,William Ewan Cameron ,William_Ewan_Cameron_,William_Ewan_Cameron_,Child,Parent,Familial,,
William Kirkland Ruffin -Child- Anne McNabb  Kirkland  -Parent,prsp-record,WKR_CHLD_AMNK_PRNT,Cameron_QR,William Kirkland Ruffin ,Anne McNabb  Kirkland  ,William_Kirkland_Ruffin_,Anne_McNabb_Kirkland_,Child,Parent,Familial,,
William Kirkland Ruffin -Child- Thomas Ruffin -Parent,prsp-record,WKR_CHLD_TR_PRNT,Cameron_QR,William Kirkland Ruffin ,Thomas Ruffin ,William_Kirkland_Ruffin_,Thomas_Ruffin_,Child,Parent,Familial,,
